"Ⅰ. 기반시설, 조경시설, 휴양시설, 유희시설(총괄)",,,,,,,,,,,,,,,,,,,,,,,,,,,,,"Ⅱ. 운동시설, 교양시설(총괄) ",,,,,,,,,,,,,,,,,,,,,,,,,,"Ⅲ. 편익시설, 관리시설(총괄)",,,,,,,,,,,,,,,,,,,,,,Ⅳ. 건물현황(총괄),,,,,,,,,,
,,,,,,,,,,,,,,,,,,,,,,,,,,,,,,,,,,,,,,,,,,,,,,,,,,,,,,,,,,,,,,,,,,,,,,,,,,,,,,,,,,,,,,,
관 리 청 별,기   반   시   설,,,조   경   시   설,,,,,,,휴   양   시   설,,,,,,,유   희   시   설,,,,,,,,,,,관 리 청 별,운   동   시   설,,,,,,,,,,,운  동  시  설,,,,,교   양   시   설,,,,,,,,,관 리 청 별,편   익   시   설,,,,,,편   익   시   설,,,,,,,관   리   시   설,,,,,,,,관 리 청 별,적  법  건  물,,부  적  격  건  물,,,,,,,
,광   장,도   로,산책등산로,관상용식수대,"그늘
시렁
(개소)",연   못,"분수
(기)","조각
(소)",기   타,,"야영장
야유회장",정   자(㎡),노인정(㎡),"야외
탁자
(기)","장의자
(기)",기   타,,"그네
(기)","미끄
럼틀
(기)","모래
밭
(기)","시소
(기)","정글
짐
(기)","사닥
다리
(기)","조합
놀이
(기)",유료시설,,기   타,,,운동장,테니스장,"수영장(실내,㎡)",수영장(실외),"궁도
장
(소)","야구
장
(소)","축구
장
(소)","농구
장
(소)","배구
장
(소)",배드민턴장,골프연습장,"게이
트볼
(소)",체력단련시설,,기   타,,동물원,식물원,"도서관
독서실",문화회관,"야외
음악당
(소)","동상
(기)","탑기
념비
(기)",기   타,,,주   차   장,휴게음식점(식당),매   점,자판기,화장실(수세식),"발효식
화장실
(기)","간   이
화장실
(기)","공중
전화
(기)","음수대
(기)","샘터
(소)","시계탑
(기)",기   타,,관리사무소,휀    스,"공원등
(기)",안   내   판 (기),,,기 타,,,,,계,,유  허  가,,무  허  가,,,
,개소,노선,노선,개소,,개소,,,종,기,개소,동,동,,,종,기,,,,,,,,종,기,종,기,,개소,개소,개소,개소,,,,,,개소,개소,,개소,기,종,기,개소,개소,개소,개소,,,,종,기,,개소,개소,개소,,개소,,,,,,,종,기,개소,개소,,종합,시설,기타,종,기,,동,면적(㎡),동,면적(㎡),동,면적(㎡),동,면적(㎡),,
합   계, 	818 , 	697 ," 	1,418 ", 	925 ," 	2,074 ", 	238 , 	301 , 	409 , 	352 , 	824 , 	96 ," 	1,965 ", 	216 ," 	2,134 "," 	39,322 ", 	669 ," 	3,402 ", 	849 , 	144 , 	392 , 	525 , 	36 , 	13 ," 	1,412 ", 	100 , 	293 ," 	1,400 "," 	2,740 ",합   계, 	132 ," 	2,453 ", 	5 , 	10 , 	7 , 	13 , 	57 , 	200 , 	29 , 	450 ," 	3,785 ", 	116 ," 	3,791 "," 	19,395 "," 	1,014 "," 	1,441 ", 	18 , 	13 , 	39 , 	37 , 	80 , 	46 , 	115 , 	167 , 	202 ,합   계, 	236 , 	58 , 	89 , 	24 , 	894 , 	92 , 	138 , 	174 ," 	1,346 ", 	203 , 	69 , 	66 , 	490 , 	268 ," 	1,445 "," 	43,086 "," 	1,140 "," 	8,237 "," 	3,446 ", 	694 ," 	4,410 ",합   계," 	1,671 "," 	632,648.95 "," 	1,778 "," 	108,152.49 ", 	630 ," 	49,141.25 "," 	2,166 "," 	144,661.79 ",,
소   계, 	174 , 	190 , 	511 , 	733 , 	370 , 	56 , 	71 , 	56 , 	44 , 	155 , 	7 , 	104 , 	2 ," 	1,295 "," 	8,508 ", 	40 , 	657 , 	37 , 	11 , 	36 , 	25 , 	5 , 	- 0, 	54 , 	15 , 	18 , 	111 , 	199 ,소   계, 	9 , 	13 , 	- 0, 	8 , 	2 , 	9 , 	19 , 	49 , 	16 , 	59 , 	- 0, 	28 , 	239 ," 	2,172 ", 	24 , 	55 , 	15 , 	6 , 	8 , 	2 , 	5 , 	27 , 	38 , 	28 , 	35 ,소   계, 	80 , 	42 , 	54 , 	13 , 	305 , 	- 0, 	31 , 	83 , 	382 , 	10 , 	7 , 	9 , 	75 , 	44 , 	96 ," 	16,904 ", 	263 ," 	5,983 "," 	1,169 ", 	53 ," 	2,563 ",소   계, 	616 ," 	297,518.99 ", 	2 , 	120.00 , 	1 , 	120.00 , 	1 , 	373.55 ,,
동부공원여가센터, 	8 , 	15 , 	6 , 	- 0, 	68 , 	8 , 	15 , 	11 , 	3 , 	4 , 	- 0, 	13 , 	1 , 	85 , 	920 , 	3 , 	35 , 	4 , 	3 , 	5 , 	- 0, 	- 0, 	- 0, 	10 , 	- 0, 	- 0, 	27 , 	35 ,동부공원여가센터, 	2 , 	3 , 	- 0, 	- 0, 	- 0, 	- 0, 	1 , 	6 , 	5 , 	5 , 	- 0, 	4 , 	20 , 	139 , 	12 , 	16 , 	- 0, 	1 , 	1 , 	- 0, 	2 , 	1 , 	5 , 	1 , 	1 ,동부공원여가센터, 	6 , 	1 , 	4 , 	- 0, 	21 , 	- 0, 	- 0, 	11 , 	23 , 	- 0, 	1 , 	- 0, 	- 0, 	7 , 	14 ," 	1,306 ", 	15 , 	142 , 	338 , 	7 , 	56 ,동부공원여가센터, 	29 ," 	16,759.97 ", 	2 , 	120.00 , 	1 , 	120.00 , 	1 , 	373.55 ,,
중부공원여가센터, 	32 , 	29 , 	156 , 	642 , 	50 , 	13 , 	5 , 	18 , 	- 0, 	- 0, 	- 0, 	19 , 	1 , 	72 , 	494 , 	2 , 	99 , 	- 0, 	- 0, 	1 , 	2 , 	- 0, 	- 0, 	1 , 	- 0, 	- 0, 	3 , 	9 ,중부공원여가센터, 	1 , 	1 , 	- 0, 	- 0, 	1 , 	1 , 	- 0, 	3 , 	- 0, 	8 , 	- 0, 	3 , 	58 , 	387 , 	- 0, 	- 0, 	- 0, 	- 0, 	1 , 	1 , 	- 0, 	10 , 	10 , 	- 0, 	- 0,중부공원여가센터, 	5 , 	3 , 	4 , 	- 0, 	20 , 	- 0, 	7 , 	- 0, 	22 , 	2 , 	- 0, 	- 0, 	- 0, 	7 , 	35 ," 	1,542 ", 	24 , 	70 , 	198 , 	2 , 	2 ,중부공원여가센터, 	62 ," 	32,265.90 ", 	- 0, 	- 0, 	- 0, 	- 0, 	- 0, 	- 0,,
서부공원여가센터, 	71 , 	30 , 	90 , 	1 , 	133 , 	14 , 	10 , 	13 , 	33 , 	134 , 	3 , 	22 , 	- 0, 	164 ," 	1,494 ", 	26 , 	449 , 	7 , 	5 , 	7 , 	4 , 	- 0, 	- 0, 	7 , 	1 , 	4 , 	41 , 	56 ,서부공원여가센터, 	2 , 	2 , 	- 0, 	- 0, 	- 0, 	1 , 	4 , 	5 , 	- 0, 	2 , 	- 0, 	3 , 	32 , 	223 , 	1 , 	16 , 	- 0, 	1 , 	2 , 	- 0, 	1 , 	2 , 	9 , 	16 , 	23 ,서부공원여가센터, 	8 , 	5 , 	8 , 	- 0, 	50 , 	- 0, 	6 , 	5 , 	69 , 	1 , 	4 , 	7 , 	73 , 	7 , 	19 ," 	5,052 ", 	58 , 	597 , 	141 , 	38 ," 	1,051 ",서부공원여가센터, 	124 ," 	59,341.82 ", 	- 0, 	- 0, 	- 0, 	- 0, 	- 0, 	- 0,,
북부공원여가센터, 	29 , 	47 , 	194 , 	1 , 	29 , 	10 , 	16 , 	- 0, 	5 , 	8 , 	1 , 	3 , 	- 0, 	88 , 	363 , 	5 , 	36 , 	5 , 	- 0, 	3 , 	2 , 	- 0, 	- 0, 	5 , 	- 0, 	- 0, 	6 , 	11 ,북부공원여가센터, 	2 , 	1 , 	- 0, 	- 0, 	- 0, 	- 0, 	- 0, 	1 , 	- 0, 	6 , 	- 0, 	- 0, 	37 , 	245 , 	1 , 	- 0, 	1 , 	- 0, 	1 , 	1 , 	1 , 	- 0, 	- 0, 	6 , 	6 ,북부공원여가센터, 	11 , 	2 , 	4 , 	- 0, 	6 , 	- 0, 	6 , 	- 0, 	15 , 	1 , 	- 0, 	2 , 	2 , 	5 , 	14 ," 	1,136 ", 	16 , 	378 , 	294 , 	- 0, 	- 0,북부공원여가센터, 	30 ," 	13,057.94 ", 	- 0, 	- 0, 	- 0, 	- 0, 	- 0, 	- 0,,
서울식물원, 	18 , 	27 , 	25 , 	2 , 	21 , 	2 , 	2 , 	4 , 	- 0, 	- 0, 	- 0, 	9 , 	- 0, 	43 , 	391 , 	3 , 	27 , 	- 0, 	- 0, 	1 , 	- 0, 	- 0, 	- 0, 	1 , 	- 0, 	- 0, 	8 , 	8 ,서울식물원, 	- 0, 	- 0, 	- 0, 	- 0, 	- 0, 	- 0, 	- 0, 	- 0, 	- 0, 	- 0, 	- 0, 	- 0, 	2 , 	10 , 	- 0, 	- 0, 	- 0, 	2 , 	3 , 	- 0, 	- 0, 	- 0, 	- 0, 	- 0, 	- 0,서울식물원, 	2 , 	5 , 	2 , 	- 0, 	17 , 	- 0, 	- 0, 	- 0, 	13 , 	- 0, 	- 0, 	- 0, 	- 0, 	2 , 	6 ," 	1,025 ", 	7 , 	64 , 	26 , 	- 0, 	- 0,서울식물원, 	14 ," 	17,633.27 ", 	- 0, 	- 0, 	- 0, 	- 0, 	- 0, 	- 0,,
서울대공원, 	6 , 	5 , 	1 , 	85 , 	48 , 	5 , 	7 , 	- 0, 	3 , 	9 , 	1 , 	34 , 	- 0, 	787 , 	360 , 	- 0, 	- 0, 	4 , 	1 , 	3 , 	1 , 	- 0, 	- 0, 	6 , 	- 0, 	- 0, 	2 , 	7 ,서울대공원, 	- 0, 	- 0, 	- 0, 	- 0, 	- 0, 	2 , 	- 0, 	1 , 	1 , 	- 0, 	- 0, 	- 0, 	- 0, 	- 0, 	10 , 	23 , 	1 , 	1 , 	- 0, 	- 0, 	- 0, 	4 , 	4 , 	- 0, 	- 0,서울대공원, 	2 , 	11 , 	1 , 	7 , 	49 , 	- 0, 	10 , 	58 , 	66 , 	6 , 	- 0, 	- 0, 	- 0, 	4 , 	3 ," 	1,282 ", 	- 0," 	2,913 ", 	- 0, 	2 , 	2 ,서울대공원, 	270 ," 	102,273.40 ", 	- 0, 	- 0, 	- 0, 	- 0, 	- 0, 	- 0,,
도심재창조과, 	1 , 	2 , 	2 , 	- 0, 	- 0, 	- 0, 	- 0, 	- 0, 	- 0, 	- 0, 	- 0, 	- 0, 	- 0, 	- 0, 	- 0, 	1 , 	11 , 	- 0, 	- 0, 	- 0, 	- 0, 	- 0, 	- 0, 	- 0, 	- 0, 	- 0, 	- 0, 	- 0,도심재창조과, 	- 0, 	- 0, 	- 0, 	- 0, 	- 0, 	- 0, 	- 0, 	- 0, 	- 0, 	- 0, 	- 0, 	- 0, 	- 0, 	- 0, 	- 0, 	- 0, 	- 0, 	- 0, 	- 0, 	- 0, 	- 0, 	- 0, 	- 0, 	- 0, 	- 0,도심재창조과, 	- 0, 	- 0, 	- 0, 	- 0, 	- 0, 	- 0, 	- 0, 	- 0, 	- 0, 	- 0, 	- 0, 	- 0, 	- 0, 	- 0, 	- 0, 	- 0, 	- 0, 	- 0, 	- 0, 	- 0, 	- 0,도심재창조과, 	- 0, 	- 0, 	- 0, 	- 0, 	- 0, 	- 0, 	- 0, 	- 0,,
서울시설공단, 	6 , 	22 , 	34 , 	2 , 	10 , 	4 , 	14 , 	10 , 	- 0, 	- 0, 	1 , 	4 , 	- 0, 	44 , 	662 , 	- 0, 	- 0, 	1 , 	1 , 	5 , 	8 , 	- 0, 	- 0, 	2 , 	14 , 	14 , 	2 , 	5 ,서울시설공단, 	- 0, 	1 , 	- 0, 	- 0, 	- 0, 	- 0, 	2 , 	4 , 	- 0, 	14 , 	- 0, 	- 0, 	9 , 	123 , 	- 0, 	- 0, 	13 , 	1 , 	- 0, 	- 0, 	1 , 	10 , 	10 , 	5 , 	5 ,서울시설공단, 	3 , 	2 , 	3 , 	6 , 	16 , 	- 0, 	- 0, 	- 0, 	16 , 	- 0, 	- 0, 	- 0, 	- 0, 	1 , 	5 ," 	1,371 ", 	124 , 	170 , 	172 , 	4 ," 	1,452 ",서울시설공단, 	72 ," 	52,550.69 ", 	- 0, 	- 0, 	- 0, 	- 0, 	- 0, 	- 0,,
미래한강본부, 	3 , 	13 , 	3 , 	- 0, 	11 , 	- 0, 	2 , 	- 0, 	- 0, 	- 0, 	1 , 	- 0, 	- 0, 	12 ," 	3,824 ", 	- 0, 	- 0, 	16 , 	1 , 	11 , 	8 , 	5 , 	- 0, 	22 , 	- 0, 	- 0, 	22 , 	68 ,미래한강본부, 	2 , 	5 , 	- 0, 	8 , 	1 , 	5 , 	12 , 	29 , 	10 , 	24 , 	- 0, 	18 , 	81 ," 	1,045 ", 	- 0, 	- 0, 	- 0, 	- 0, 	- 0, 	- 0, 	- 0, 	- 0, 	- 0, 	- 0, 	- 0,미래한강본부, 	43 , 	13 , 	28 , 	- 0, 	126 , 	- 0, 	2 , 	9 , 	158 , 	- 0, 	2 , 	- 0, 	- 0, 	11 , 	- 0," 	4,190 ", 	19 ," 	1,649 ", 	- 0, 	- 0, 	- 0,미래한강본부, 	15 ," 	3,636.00 ", 	- 0, 	- 0, 	- 0, 	- 0, 	- 0, 	- 0,,
소   계, 	644 , 	507 , 	907 , 	192 ," 	1,704 ", 	182 , 	230 , 	353 , 	308 , 	669 , 	89 ," 	1,861 ", 	214 , 	839 ," 	30,814 ", 	629 ," 	2,745 ", 	812 , 	133 , 	356 , 	500 , 	31 , 	13 ," 	1,358 ", 	85 , 	275 ," 	1,289 "," 	2,541 ",소   계, 	123 ," 	2,440 ", 	5 , 	2 , 	5 , 	4 , 	38 , 	151 , 	13 , 	391 ," 	3,785 ", 	88 ," 	3,552 "," 	17,223 ", 	990 ," 	1,386 ", 	3 , 	7 , 	31 , 	35 , 	75 , 	19 , 	77 , 	139 , 	167 ,소   계, 	156 , 	16 , 	35 , 	11 , 	589 , 	92 , 	107 , 	91 , 	964 , 	193 , 	62 , 	57 , 	415 , 	224 ," 	1,349 "," 	26,182 ", 	877 ," 	2,254 "," 	2,277 ", 	641 ," 	1,847 ",소   계," 	1,055 "," 	335,129.96 "," 	1,776 "," 	108,032.49 ", 	629 ," 	49,021.25 "," 	2,165 "," 	144,288.24 ",,
종  로  구, 	17 , 	30 , 	43 , 	10 , 	64 , 	3 , 	5 , 	14 , 	5 , 	5 , 	- 0, 	45 , 	2 , 	2 ," 	1,386 ", 	16 , 	94 , 	5 , 	2 , 	10 , 	3 , 	1 , 	- 0, 	24 , 	- 0, 	- 0, 	19 , 	32 ,종  로  구, 	6 , 	3 , 	- 0, 	- 0, 	1 , 	- 0, 	- 0, 	3 , 	- 0, 	13 , 	- 0, 	- 0, 	43 , 	748 , 	46 , 	106 , 	- 0, 	- 0, 	2 , 	- 0, 	1 , 	9 , 	24 , 	8 , 	7 ,종  로  구, 	1 , 	3 , 	2 , 	1 , 	40 , 	- 0, 	6 , 	20 , 	43 , 	16 , 	- 0, 	- 0, 	- 0, 	11 , 	34 , 	987 , 	72 , 	81 , 	159 , 	8 , 	28 ,종  로  구, 	241 ," 	85,176.81 ", 	92 ," 	6,216.16 ", 	47 ," 	3,670.10 ", 	45 ," 	2,546.06 ",,
중      구, 	33 , 	27 , 	21 , 	- 0, 	18 , 	2 , 	6 , 	1 , 	1 , 	12 , 	- 0, 	31 , 	2 , 	- 0, 	505 , 	4 , 	13 , 	11 , 	2 , 	2 , 	10 , 	2 , 	1 , 	17 , 	- 0, 	- 0, 	15 , 	30 ,중      구, 	- 0, 	1 , 	- 0, 	- 0, 	- 0, 	- 0, 	1 , 	- 0, 	- 0, 	3 , 	- 0, 	2 , 	62 , 	205 , 	- 0, 	- 0, 	- 0, 	- 0, 	2 , 	1 , 	1 , 	2 , 	3 , 	2 , 	2 ,중      구, 	6 , 	- 0, 	- 0, 	- 0, 	10 , 	- 0, 	1 , 	4 , 	26 , 	- 0, 	2 , 	- 0, 	- 0, 	6 , 	14 , 	448 , 	16 , 	22 , 	10 , 	8 , 	56 ,중      구, 	15 ," 	21,599.12 ", 	- 0, 	- 0, 	- 0, 	- 0, 	- 0, 	- 0,,
용  산  구, 	17 , 	7 , 	11 , 	4 , 	42 , 	25 , 	7 , 	5 , 	5 , 	17 , 	- 0, 	34 , 	7 , 	28 , 	614 , 	13 , 	20 , 	19 , 	2 , 	4 , 	4 , 	- 0, 	- 0, 	34 , 	- 0, 	- 0, 	30 , 	59 ,용  산  구, 	2 , 	2 , 	- 0, 	- 0, 	- 0, 	- 0, 	- 0, 	1 , 	- 0, 	5 , 	- 0, 	3 , 	85 , 	455 , 	1 , 	1 , 	- 0, 	- 0, 	- 0, 	1 , 	56 , 	3 , 	2 , 	3 , 	3 ,용  산  구, 	5 , 	- 0, 	1 , 	- 0, 	17 , 	- 0, 	- 0, 	3 , 	18 , 	- 0, 	1 , 	1 , 	1 , 	5 , 	56 , 	728 , 	14 , 	33 , 	76 , 	3 , 	12 ,용  산  구, 	34 ," 	11,721.46 ", 	9 ," 	3,907.81 ", 	7 ," 	3,656.71 ", 	2 , 	251.10 ,,
성  동  구, 	18 , 	17 , 	6 , 	2 , 	38 , 	2 , 	3 , 	1 , 	4 , 	6 , 	- 0, 	70 , 	7 , 	12 ," 	1,254 ", 	16 , 	28 , 	28 , 	3 , 	13 , 	19 , 	3 , 	4 , 	32 , 	- 0, 	- 0, 	36 , 	150 ,성  동  구, 	3 , 	1 , 	- 0, 	1 , 	1 , 	1 , 	2 , 	8 , 	1 , 	22 , 	- 0, 	2 , 	79 , 	611 , 	5 , 	14 , 	- 0, 	- 0, 	1 , 	1 , 	- 0, 	- 0, 	- 0, 	- 0, 	- 0,성  동  구, 	4 , 	- 0, 	- 0, 	1 , 	18 , 	- 0, 	5 , 	1 , 	49 , 	- 0, 	4 , 	2 , 	2 , 	5 , 	51 , 	933 , 	44 , 	28 , 	32 , 	8 , 	21 ,성  동  구, 	27 ," 	3,046.09 ", 	18 ," 	1,529.00 ", 	4 , 	172.00 , 	14 ," 	1,357.00 ",,
광  진  구, 	14 , 	8 , 	8 , 	- 0, 	16 , 	4 , 	2 , 	3 , 	- 0, 	- 0, 	2 , 	44 , 	7 , 	52 , 	613 , 	7 , 	48 , 	31 , 	4 , 	11 , 	23 , 	- 0, 	- 0, 	44 , 	- 0, 	- 0, 	34 , 	67 ,광  진  구, 	7 , 	1 , 	- 0, 	- 0, 	- 0, 	- 0, 	1 , 	2 , 	1 , 	7 , 	- 0, 	2 , 	178 , 	363 , 	7 , 	7 , 	- 0, 	- 0, 	- 0, 	- 0, 	1 , 	- 0, 	3 , 	- 0, 	- 0,광  진  구, 	4 , 	1 , 	1 , 	- 0, 	24 , 	- 0, 	4 , 	- 0, 	22 , 	1 , 	- 0, 	- 0, 	- 0, 	4 , 	41 , 	579 , 	49 , 	63 , 	62 , 	12 , 	25 ,광  진  구, 	33 ," 	1,756.72 ", 	11 , 	385.96 , 	8 , 	321.96 , 	3 , 	64.00 ,,
동대문구, 	21 , 	8 , 	17 , 	- 0, 	69 , 	6 , 	7 , 	21 , 	10 , 	24 , 	- 0, 	51 , 	7 , 	10 ," 	1,002 ", 	52 , 	98 , 	22 , 	- 0, 	11 , 	12 , 	- 0, 	- 0, 	43 , 	- 0, 	- 0, 	42 , 	69 ,동대문구, 	12 , 	2 , 	- 0, 	- 0, 	- 0, 	- 0, 	- 0, 	9 , 	- 0, 	24 , 	1 , 	4 , 	685 , 	733 , 	6 , 	8 , 	- 0, 	- 0, 	4 , 	1 , 	3 , 	- 0, 	2 , 	11 , 	11 ,동대문구, 	1 , 	- 0, 	- 0, 	- 0, 	16 , 	2 , 	4 , 	- 0, 	33 , 	1 , 	2 , 	- 0, 	- 0, 	5 , 	56 ," 	1,039 ", 	19 , 	109 , 	79 , 	54 , 	275 ,동대문구, 	26 ," 	8,685.80 ", 	- 0, 	- 0, 	- 0, 	- 0, 	- 0, 	- 0,,
중  랑  구, 	11 , 	10 , 	143 , 	4 , 	47 , 	4 , 	21 , 	12 , 	14 , 	42 , 	1 , 	104 , 	9 , 	41 ," 	1,469 ", 	18 , 	29 , 	37 , 	3 , 	19 , 	20 , 	- 0, 	- 0, 	67 , 	9 , 	10 , 	89 , 	136 ,중  랑  구, 	4 , 	- 0, 	- 0, 	- 0, 	- 0, 	- 0, 	3 , 	7 , 	- 0, 	7 , 	1 , 	14 , 	67 , 	621 , 	195 , 	305 , 	- 0, 	- 0, 	- 0, 	- 0, 	1 , 	1 , 	1 , 	- 0, 	- 0,중  랑  구, 	4 , 	1 , 	1 , 	- 0, 	37 , 	4 , 	5 , 	1 , 	51 , 	18 , 	5 , 	- 0, 	44 , 	10 , 	74 ," 	1,760 ", 	19 , 	25 , 	52 , 	2 , 	24 ,중  랑  구, 	8 ," 	2,006.40 ", 	5 , 	436.00 , 	6 , 	527.00 , 	- 0, 	- 0,,
성  북  구, 	15 , 	8 , 	14 , 	11 , 	29 , 	4 , 	- 0, 	- 0, 	15 , 	31 , 	- 0, 	60 , 	- 0, 	32 , 	641 , 	29 , 	79 , 	17 , 	1 , 	16 , 	13 , 	1 , 	- 0, 	31 , 	- 0, 	- 0, 	23 , 	44 ,성  북  구, 	- 0, 	1 , 	- 0, 	- 0, 	- 0, 	- 0, 	- 0, 	2 , 	- 0, 	15 , 	1 , 	- 0, 	200 , 	860 , 	5 , 	5 , 	- 0, 	- 0, 	2 , 	1 , 	- 0, 	- 0, 	- 0, 	2 , 	2 ,성  북  구, 	6 , 	- 0, 	- 0, 	- 0, 	11 , 	10 , 	1 , 	2 , 	11 , 	2 , 	1 , 	4 , 	14 , 	8 , 	37 , 	708 , 	5 , 	14 , 	33 , 	23 , 	98 ,성  북  구, 	15 ," 	9,626.04 ", 	9 ," 	1,118.78 ", 	5 ," 	1,794.78 "," 	1,021 "," 	84,482.00 ",,
강  북  구, 	25 , 	3 , 	3 , 	- 0, 	37 , 	5 , 	13 , 	5 , 	28 , 	41 , 	31 , 	56 , 	5 , 	48 , 	972 , 	22 , 	144 , 	31 , 	10 , 	7 , 	24 , 	- 0, 	- 0, 	65 , 	36 , 	38 , 	45 , 	92 ,강  북  구, 	2 , 	- 0, 	1 , 	1 , 	- 0, 	- 0, 	- 0, 	1 , 	- 0, 	26 , 	1 , 	2 , 	48 , 	572 , 	279 , 	305 , 	3 , 	2 , 	1 , 	1 , 	- 0, 	- 0, 	1 , 	12 , 	13 ,강  북  구, 	7 , 	2 , 	22 , 	2 , 	28 , 	8 , 	1 , 	- 0, 	36 , 	6 , 	4 , 	13 , 	62 , 	9 , 	55 , 	629 , 	7 , 	119 , 	77 , 	84 , 	193 ,강  북  구, 	99 ," 	15,226.88 ", 	80 ," 	3,900.20 ", 	2 , 	50.20 , 	78 ," 	3,850.00 ",,
도  봉  구, 	56 , 	28 , 	21 , 	54 , 	12 , 	15 , 	22 , 	- 0, 	19 , 	26 , 	- 0, 	106 , 	3 , 	17 , 	488 , 	72 , 	517 , 	20 , 	9 , 	36 , 	11 , 	1 , 	- 0, 	53 , 	- 0, 	- 0, 	45 , 	99 ,도  봉  구, 	2 , 	4 , 	- 0, 	- 0, 	- 0, 	- 0, 	2 , 	9 , 	1 , 	12 , 	1 , 	1 , 	144 , 	572 , 	2 , 	5 , 	- 0, 	- 0, 	2 , 	2 , 	- 0, 	- 0, 	1 , 	1 , 	1 ,도  봉  구, 	6 , 	- 0, 	1 , 	- 0, 	11 , 	4 , 	1 , 	- 0, 	41 , 	2 , 	1 , 	1 , 	1 , 	3 , 	43 , 	678 , 	36 , 	120 , 	18 , 	6 , 	17 ,도  봉  구, 	6 ," 	10,463.04 ", 	- 0, 	- 0, 	- 0, 	- 0, 	- 0, 	- 0,,
노  원  구, 	41 , 	16 , 	77 , 	17 , 	84 , 	10 , 	7 , 	26 , 	10 , 	7 , 	12 , 	150 , 	2 , 	114 ," 	1,862 ", 	28 , 	208 , 	83 , 	- 0, 	24 , 	41 , 	1 , 	- 0, 	120 , 	14 , 	13 , 	107 , 	172 ,노  원  구, 	7 , 	3 , 	- 0, 	- 0, 	- 0, 	2 , 	4 , 	9 , 	1 , 	18 ," 	3,776 ", 	4 , 	146 , 	535 , 	35 , 	49 , 	- 0, 	- 0, 	2 , 	2 , 	1 , 	- 0, 	- 0, 	10 , 	11 ,노  원  구, 	12 , 	- 0, 	- 0, 	- 0, 	43 , 	- 0, 	2 , 	2 , 	43 , 	8 , 	5 , 	9 , 	24 , 	32 , 	90 ," 	1,508 ", 	39 , 	118 , 	16 , 	15 , 	54 ,노  원  구, 	47 ," 	6,808.19 ", 	- 0, 	- 0, 	- 0, 	- 0, 	- 0, 	- 0,,
은  평  구, 	42 , 	13 , 	32 , 	2 , 	95 , 	16 , 	11 , 	13 , 	22 , 	34 , 	4 , 	154 , 	4 , 	89 ," 	1,541 ", 	84 , 	349 , 	31 , 	2 , 	21 , 	20 , 	2 , 	1 , 	66 , 	- 0, 	- 0, 	61 , 	123 ,은  평  구, 	3 , 	1 , 	- 0, 	- 0, 	- 0, 	- 0, 	4 , 	5 , 	1 , 	30 , 	- 0, 	1 , 	178 ," 	1,196 ", 	8 , 	8 , 	- 0, 	5 , 	1 , 	3 , 	1 , 	1 , 	4 , 	25 , 	37 ,은  평  구, 	16 , 	- 0, 	1 , 	- 0, 	29 , 	1 , 	4 , 	3 , 	36 , 	12 , 	1 , 	4 , 	5 , 	14 , 	65 , 	814 , 	65 , 	105 , 	145 , 	52 , 	264 ,은  평  구, 	46 ," 	22,328.42 ", 	305 ," 	18,821.00 ", 	58 ," 	6,777.00 ", 	247 ," 	12,044.00 ",,
서대문구, 	7 , 	12 , 	29 , 	18 , 	75 , 	3 , 	6 , 	3 , 	5 , 	9 , 	- 0, 	97 , 	5 , 	49 ," 	1,649 ", 	22 , 	85 , 	25 , 	12 , 	16 , 	16 , 	2 , 	1 , 	59 , 	- 0, 	- 0, 	57 , 	105 ,서대문구, 	1 , 	- 0, 	- 0, 	- 0, 	- 0, 	- 0, 	1 , 	9 , 	- 0, 	34 , 	1 , 	5 , 	338 ," 	1,070 ", 	8 , 	10 , 	- 0, 	- 0, 	1 , 	1 , 	- 0, 	2 , 	4 , 	5 , 	5 ,서대문구, 	2 , 	- 0, 	1 , 	- 0, 	42 , 	3 , 	- 0, 	1 , 	65 , 	15 , 	- 0, 	1 , 	1 , 	6 , 	94 ," 	1,261 ", 	32 , 	117 , 	183 , 	15 , 	39 ,서대문구, 	13 ," 	3,791.33 ", 	4 , 	351.00 , 	4 , 	351.00 , 	- 0, 	- 0,,
마  포  구, 	4 , 	15 , 	34 , 	- 0, 	60 , 	3 , 	8 , 	3 , 	- 0, 	11 , 	- 0, 	57 , 	4 , 	6 , 	690 , 	11 , 	17 , 	22 , 	11 , 	20 , 	21 , 	5 , 	3 , 	49 , 	- 0, 	- 0, 	55 , 	136 ,마  포  구, 	2 , 	- 0, 	- 0, 	- 0, 	- 0, 	- 0, 	- 0, 	1 , 	- 0, 	2 , 	- 0, 	1 , 	96 , 	492 , 	4 , 	18 , 	- 0, 	- 0, 	- 0, 	- 0, 	1 , 	- 0, 	- 0, 	- 0, 	- 0,마  포  구, 	2 , 	- 0, 	- 0, 	- 0, 	24 , 	- 0, 	- 0, 	3 , 	25 , 	2 , 	- 0, 	1 , 	1 , 	4 , 	34 , 	759 , 	6 , 	37 , 	22 , 	30 , 	33 ,마  포  구, 	26 ," 	1,020.69 ", 	- 0, 	- 0, 	- 0, 	- 0, 	- 0, 	- 0,,
양  천  구, 	29 , 	14 , 	34 , 	- 0, 	117 , 	4 , 	13 , 	2 , 	11 , 	39 , 	- 0, 	60 , 	23 , 	30 ," 	1,686 ", 	23 , 	132 , 	58 , 	5 , 	21 , 	33 , 	2 , 	- 0, 	86 , 	- 0, 	- 0, 	86 , 	122 ,양  천  구, 	14 , 	- 0, 	1 , 	- 0, 	1 , 	1 , 	3 , 	10 , 	- 0, 	17 , 	- 0, 	9 , 	167 , 	903 , 	8 , 	8 , 	- 0, 	- 0, 	1 , 	2 , 	1 , 	- 0, 	- 0, 	1 , 	1 ,양  천  구, 	11 , 	- 0, 	- 0, 	5 , 	29 , 	5 , 	13 , 	4 , 	31 , 	11 , 	6 , 	- 0, 	- 0, 	15 , 	51 ," 	2,076 ", 	14 , 	20 , 	107 , 	9 , 	30 ,양  천  구, 	53 ," 	5,061.42 ", 	1 , 	82.50 , 	1 , 	82.50 , 	- 0, 	- 0,,
강  서  구, 	20 , 	5 , 	7 , 	- 0, 	11 , 	1 , 	- 0, 	- 0, 	2 , 	2 , 	- 0, 	14 , 	1 , 	2 , 	413 , 	1 , 	1 , 	- 0, 	- 0, 	- 0, 	- 0, 	- 0, 	- 0, 	2 , 	- 0, 	- 0, 	- 0, 	- 0,강  서  구, 	- 0, 	- 0, 	- 0, 	- 0, 	- 0, 	- 0, 	- 0, 	3 , 	- 0, 	5 , 	- 0, 	2 , 	16 , 	150 , 	8 , 	3 , 	- 0, 	- 0, 	- 0, 	- 0, 	- 0, 	- 0, 	- 0, 	- 0, 	- 0,강  서  구, 	- 0, 	- 0, 	- 0, 	- 0, 	8 , 	2 , 	8 , 	- 0, 	3 , 	6 , 	1 , 	3 , 	3 , 	1 , 	2 , 	101 , 	6 , 	11 , 	15 , 	1 , 	7 ,강  서  구, 	4 , 	131.30 , 	27 ," 	9,476.60 ", 	9 ," 	8,600.30 ", 	18 , 	876.30 ,,
구  로  구, 	36 , 	9 , 	8 , 	17 , 	21 , 	14 , 	6 , 	1 , 	3 , 	17 , 	30 , 	82 , 	20 , 	37 ," 	1,080 ", 	32 , 	156 , 	14 , 	2 , 	8 , 	17 , 	- 0, 	- 0, 	38 , 	- 0, 	- 0, 	31 , 	58 ,구  로  구, 	5 , 	2 , 	1 , 	- 0, 	- 0, 	- 0, 	4 , 	6 , 	4 , 	9 , 	- 0, 	1 , 	105 , 	977 , 	12 , 	27 , 	- 0, 	- 0, 	3 , 	1 , 	2 , 	- 0, 	- 0, 	4 , 	5 ,구  로  구, 	16 , 	- 0, 	- 0, 	- 0, 	20 , 	- 0, 	10 , 	5 , 	35 , 	6 , 	2 , 	7 , 	227 , 	9 , 	54 ," 	1,013 ", 	11 , 	24 , 	97 , 	34 , 	89 ,구  로  구, 	19 ," 	16,411.48 ", 	26 ," 	1,845.81 ", 	- 0, 	- 0, 	26 ," 	1,845.81 ",,
금  천  구, 	4 , 	- 0, 	20 , 	- 0, 	61 , 	16 , 	7 , 	1 , 	1 , 	1 , 	1 , 	23 , 	11 , 	36 , 	639 , 	34 , 	33 , 	32 , 	15 , 	11 , 	20 , 	- 0, 	- 0, 	49 , 	2 , 	3 , 	46 , 	108 ,금  천  구, 	2 , 	1 , 	1 , 	- 0, 	- 0, 	- 0, 	1 , 	5 , 	- 0, 	7 , 	- 0, 	3 , 	54 , 	391 , 	7 , 	12 , 	- 0, 	- 0, 	1 , 	2 , 	- 0, 	- 0, 	2 , 	- 0, 	- 0,금  천  구, 	1 , 	- 0, 	- 0, 	2 , 	9 , 	- 0, 	7 , 	1 , 	52 , 	25 , 	1 , 	- 0, 	- 0, 	4 , 	50 , 	484 , 	17 , 	85 , 	90 , 	4 , 	4 ,금  천  구, 	20 ," 	7,733.74 ", 	6 ," 	1,063.53 ", 	5 , 	964.36 , 	1 , 	99.17 ,,
영등포구, 	13 , 	2 , 	2 , 	33 , 	95 , 	6 , 	12 , 	8 , 	24 , 	54 , 	- 0, 	54 , 	8 , 	15 ," 	1,117 ", 	6 , 	17 , 	23 , 	- 0, 	8 , 	13 , 	1 , 	- 0, 	38 , 	- 0, 	- 0, 	86 , 	54 ,영등포구, 	1 , 	- 0, 	- 0, 	- 0, 	- 0, 	- 0, 	6 , 	6 , 	- 0, 	9 , 	- 0, 	7 , 	69 , 	596 , 	2 , 	1 , 	- 0, 	- 0, 	- 0, 	2 , 	- 0, 	- 0, 	1 , 	4 , 	8 ,영등포구, 	5 , 	- 0, 	- 0, 	- 0, 	17 , 	- 0, 	13 , 	4 , 	33 , 	- 0, 	3 , 	1 , 	7 , 	6 , 	29 , 	966 , 	14 , 	50 , 	38 , 	17 , 	13 ,영등포구, 	26 ," 	6,908.65 ", 	- 0, 	- 0, 	- 0, 	- 0, 	- 0, 	- 0,,
동  작  구, 	17 , 	26 , 	16 , 	4 , 	70 , 	7 , 	8 , 	- 0, 	7 , 	10 , 	- 0, 	93 , 	1 , 	15 ," 	1,142 ", 	17 , 	45 , 	29 , 	6 , 	12 , 	21 , 	1 , 	- 0, 	39 , 	2 , 	3 , 	51 , 	95 ,동  작  구, 	6 , 	4 , 	- 0, 	- 0, 	- 0, 	- 0, 	1 , 	4 , 	2 , 	27 , 	- 0, 	2 , 	115 , 	837 , 	29 , 	27 , 	- 0, 	- 0, 	1 , 	4 , 	2 , 	- 0, 	14 , 	1 , 	1 ,동  작  구, 	5 , 	- 0, 	1 , 	- 0, 	33 , 	3 , 	4 , 	14 , 	58 , 	10 , 	1 , 	- 0, 	- 0, 	6 , 	44 , 	817 , 	12 , 	86 , 	125 , 	30 , 	36 ,동  작  구, 	28 ," 	8,420.27 ", 	422 ," 	18,795.50 ", 	- 0, 	- 0, 	422 ," 	18,795.50 ",,
관  악  구, 	27 , 	77 , 	221 , 	- 0, 	20 , 	6 , 	4 , 	2 , 	21 , 	28 , 	5 , 	91 , 	17 , 	9 , 	803 , 	41 , 	223 , 	40 , 	16 , 	16 , 	20 , 	3 , 	- 0, 	73 , 	- 0, 	- 0, 	75 , 	127 ,관  악  구, 	6 , 	4 , 	- 0, 	- 0, 	2 , 	- 0, 	1 , 	- 0, 	- 0, 	14 , 	1 , 	3 , 	132 , 	790 , 	14 , 	23 , 	- 0, 	- 0, 	3 , 	3 , 	1 , 	- 0, 	- 0, 	19 , 	28 ,관  악  구, 	9 , 	1 , 	1 , 	- 0, 	11 , 	31 , 	- 0, 	- 0, 	38 , 	4 , 	2 , 	3 , 	4 , 	9 , 	100 , 	476 , 	107 , 	256 , 	188 , 	31 , 	45 ,관  악  구, 	66 ," 	11,445.74 ", 	491 ," 	24,291.51 ", 	441 ," 	19,644.51 ", 	50 ," 	4,675.00 ",,
서  초  구, 	18 , 	8 , 	55 , 	- 0, 	82 , 	5 , 	11 , 	22 , 	5 , 	6 , 	- 0, 	156 , 	12 , 	77 ," 	2,153 ", 	2 , 	23 , 	57 , 	7 , 	24 , 	48 , 	3 , 	1 , 	81 , 	- 0, 	- 0, 	- 0, 	176 ,서  초  구, 	2 , 	- 0, 	- 0, 	- 0, 	- 0, 	- 0, 	1 , 	11 , 	- 0, 	16 , 	- 0, 	6 , 	152 ," 	1,199 ", 	- 0, 	- 0, 	- 0, 	- 0, 	1 , 	1 , 	- 0, 	- 0, 	- 0, 	- 0, 	- 0,서  초  구, 	6 , 	- 0, 	- 0, 	- 0, 	23 , 	11 , 	- 0, 	- 0, 	46 , 	13 , 	2 , 	- 0, 	- 0, 	9 , 	68 ," 	1,633 ", 	44 , 	250 , 	280 , 	19 , 	35 ,서  초  구, 	10 ," 	5,479.50 ", 	45 ," 	2,801.00 ", 	28 ," 	2,153.00 ", 	17 , 	648.00 ,,
강  남  구, 	65 , 	8 , 	21 , 	3 , 	184 , 	3 , 	12 , 	- 0, 	34 , 	67 , 	1 , 	99 , 	12 , 	44 ," 	2,924 ", 	24 , 	67 , 	34 , 	6 , 	15 , 	33 , 	1 , 	- 0, 	77 , 	- 0, 	- 0, 	72 , 	148 ,강  남  구, 	10 ," 	2,406 ", 	- 0, 	- 0, 	- 0, 	- 0, 	1 , 	12 , 	- 0, 	29 , 	1 , 	1 , 	179 , 	974 , 	7 , 	8 , 	- 0, 	- 0, 	1 , 	4 , 	1 , 	- 0, 	1 , 	1 , 	1 ,강  남  구, 	6 , 	- 0, 	- 0, 	- 0, 	40 , 	8 , 	2 , 	1 , 	37 , 	26 , 	10 , 	- 0, 	- 0, 	10 , 	68 ," 	1,762 ", 	140 , 	201 , 	119 , 	4 , 	8 ,강  남  구, 	69 ," 	18,616.02 ", 	222 ," 	12,824.38 ", 	2 , 	132.08 , 	220 ," 	12,692.30 ",,
송  파  구, 	83 , 	143 , 	38 , 	13 , 	263 , 	12 , 	25 , 	203 , 	20 , 	44 , 	1 , 	47 , 	26 , 	53 ," 	2,719 ", 	32 , 	199 , 	96 , 	4 , 	14 , 	39 , 	1 , 	1 , 	110 , 	22 , 	208 , 	96 , 	193 ,송  파  구, 	26 , 	3 , 	1 , 	- 0, 	- 0, 	- 0, 	1 , 	20 , 	2 , 	26 , 	- 0, 	9 , 	140 , 	805 , 	298 , 	432 , 	- 0, 	- 0, 	2 , 	1 , 	2 , 	- 0, 	14 , 	26 , 	27 ,송  파  구, 	18 , 	8 , 	3 , 	- 0, 	38 , 	- 0, 	4 , 	22 , 	93 , 	- 0, 	6 , 	4 , 	16 , 	27 , 	92 ," 	2,758 ", 	37 , 	128 , 	215 , 	108 , 	248 ,송  파  구, 	94 ," 	39,666.27 ", 	- 0, 	- 0, 	- 0, 	- 0, 	- 0, 	- 0,,
강  동  구, 	11 , 	13 , 	26 , 	- 0, 	94 , 	6 , 	14 , 	7 , 	42 , 	136 , 	1 , 	83 , 	19 , 	21 ," 	1,452 ", 	23 , 	120 , 	47 , 	11 , 	17 , 	19 , 	1 , 	1 , 	61 , 	- 0, 	- 0, 	88 , 	146 ,강  동  구, 	- 0, 	1 , 	- 0, 	- 0, 	- 0, 	- 0, 	1 , 	8 , 	- 0, 	14 , 	1 , 	4 , 	74 , 	568 , 	4 , 	4 , 	- 0, 	- 0, 	- 0, 	1 , 	- 0, 	1 , 	- 0, 	4 , 	4 ,강  동  구, 	3 , 	- 0, 	- 0, 	- 0, 	11 , 	- 0, 	12 , 	- 0, 	39 , 	9 , 	2 , 	3 , 	3 , 	6 , 	47 ," 	1,265 ", 	52 , 	152 , 	39 , 	64 , 	193 ,강  동  구, 	30 ," 	11,998.58 ", 	3 , 	185.75 , 	2 , 	123.75 , 	1 , 	62.00 ,,